<?xml version="1.0" encoding="UTF-8"?>
<rss version="2.0" xmlns:ror="http://rorweb.com/0.1/" >
<channel>
  <title>ROR Sitemap for https://bilal701.github.io/bilal-khan/</title>
  <link>https://bilal701.github.io/bilal-khan/</link>

<item>
     <link>https://bilal701.github.io/bilal-khan/</link>
     <title>Beautiful Beaches</title>
     <description>Beautiful Beaches</description>
     <ror:updatePeriod></ror:updatePeriod>
     <ror:sortOrder>0</ror:sortOrder>
     <ror:resourceOf>sitemap</ror:resourceOf>
</item>
<item>
     <link>https://bilal701.github.io/bilal-khan/index.html</link>
     <title>Beautiful Beaches</title>
     <description>Beautiful Beaches</description>
     <ror:updatePeriod></ror:updatePeriod>
     <ror:sortOrder>1</ror:sortOrder>
     <ror:resourceOf>sitemap</ror:resourceOf>
</item>
</channel>
</rss>
  